Time;Sunday;Monday;Tuesday;Wednesday;Thursday;Friday;Saturday
0:00-1:00;Name;Name;Name;Name;Name;Name;Name
1:00-2:00;Name;Name;Name;Name;Name;Name;Name
2:00-3:00;Name;Name;Name;Name;Name;Name;Name
3:00-4:00;Name;Name;Name;Name;Name;Name;Name
4:00-5:00;Name;Name;Name;Name;Name;Name;Name
5:00-6:00;Name;Name;Name;Name;Name;Name;Name
6:00-7:00;Name;Name;Name;Name;Name;Name;Name
7:00-8:00;Name;Name;Name;Name;Name;Name;Name
8:00-9:00;Name;Name;Name;Name;Name;Name;Name
9:00-10:00;Name;Name;Name;Name;Name;Name;Name
10:00-11:00;Name;Name;Name;Name;Name;Name;Name
11:00-12:00;Name;Name;Name;Name;Name;Name;Name
12:00-13:00;Name;Name;Name;Name;Name;Name;Name
13:00-14:00;Name;Name;Name;Name;Name;Name;Name
14:00-15:00;Name;Name;Name;Name;Name;Name;Name
15:00-16:00;Name;Name;Name;Name;Name;Name;Name
16:00-17:00;Name;Name;Name;Name;Name;Name;Name
17:00-18:00;Name;Name;Name;Name;Name;Name;Name
18:00-19:00;Name;Name;Name;Name;Name;Name;Name
19:00-20:00;Name;Name;Name;Name;Name;Name;Name
20:00-21:00;Name;Name;Name;Name;Name;Name;Name
21:00-22:00;Name;Name;Name;Name;Name;Name;Name
22:00-23:00;Name;Name;Name;Name;Name;Name;Name
23:00-23:59;Name;Name;Name;Name;Name;Name;Name
